ID,Address,Postal Code,FSA,City,Province,Pat_Geo_Cols,Pat_Geocode
1,722 85 ST SW UNIT 215,T3H 1S6,T3H,CALGARY,AB,"Address,Postal Code","(51.06646509999999, -114.2096271)"
2,1640 BLOOR ST W,M6P 1A7,M6P,TORONTO,ON,"Address,Postal Code","(43.6557418, -79.4564786)"
3,284 HELMCKEN RD SUITE 108,V9B 1T2,V9B,VICTORIA,BC,"Address,Postal Code","(48.4553947, -123.4410938)"
4,85 NORFOLK ST SUITE 305,N1H 4J4,N1H,GUELPH,ON,"Address,Postal Code","(43.5450939, -80.2515167)"
5,462 BIRCHMOUNT RD UNIT 1B,M1K 1N8,M1K,SCARBOROUGH,ON,"Address,Postal Code","(43.7069465, -79.26872379999999)"
6,807 BROADVIEW AVE,M4K 2P8,M4K,TORONTO,ON,"Address,Postal Code","(43.67797820000001, -79.35826)"
7,45 WEATHERBEE RD SUITE 308,B1M 0A1,B1M,MIRA ROAD,NS,"Address,Postal Code","(46.1135293, -60.1756705)"
8,2120 REGENT ST UNIT 9,P3E 3Z9,P3E,SUDBURY,ON,"Address,Postal Code","(46.45116280000001, -80.996419)"
9,1079 MAPLE AVE UNIT 2,L9T 0A5,L9T,MILTON,ON,"Address,Postal Code","(43.5375295, -79.8745711)"
10,179 DAVIE ST SUITE 202,V6Z 2Y1,V6Z,VANCOUVER,BC,"Address,Postal Code","(49.273822, -123.1205887)"
11,2130 LAWRENCE AVE E SUITE 307,M1R 3A6,M1R,SCARBOROUGH,ON,"Address,Postal Code","(43.7475629, -79.2873072)"
12,223 16TH AVE,V0B 1G0,V0B,CRESTON,BC,"Address,Postal Code","(49.0967119, -116.5074702)"
13,2211 WESBROOK MALL SUITE M334,V6T 2B5,V6T,VANCOUVER,BC,"Address,Postal Code","(49.26415919999999, -123.2463188)"
14,10 ANGELINE ST N,K9V 4M8,K9V,LINDSAY,ON,"Address,Postal Code","(44.35361940000001, -78.7522193)"
15,462 PAXTON ST,L9L 1L9,L9L,PORT PERRY,ON,"Address,Postal Code","(44.1041545, -78.95388129999999)"
16,574 UPPER JAMES ST,L9C 2Y6,L9C,HAMILTON,ON,"Address,Postal Code","(43.240174, -79.8773004)"
17,840 COXWELL AVE SUITE 105,M4C 5T2,M4C,EAST YORK,ON,"Address,Postal Code","(43.6900078, -79.32660299999999)"
18,879 SHEFFORD RD UNIT 101,K1J 8H9,K1J,GLOUCESTER,ON,"Address,Postal Code","(45.4531847, -75.5894838)"
19,28 SAINT JOHN ST,K0G 1N0,K0G,MERRICKVILLE,ON,"Address,Postal Code","(44.9163401, -75.8390155)"
20,955 OLIVER RD,P7B 5E1,P7B,THUNDER BAY,ON,"Address,Postal Code","(48.420957, -89.2621479)"
21,904 OTTAWA ST,P0X 1C0,P0X,KEEWATIN,ON,"Address,Postal Code","(49.76123930000001, -94.55607429999999)"
22,106 ELMSDALE RD,B2S 1K6,B2S,ELMSDALE,NS,"Address,Postal Code","(44.9655975, -63.5031741)"
23,3000 HIGHWAY 7  E SUITE 202,L3R 6E1,L3R,MARKHAM,ON,"Address,Postal Code","(43.8505494, -79.3576291)"
24,70 MEREDITH ST GD,P0P 1H0,P0P,GORE BAY,ON,"Address,Postal Code","(45.9182566, -82.4640119)"
25,36 GREY ST N,N0H 2L0,N0H,SOUTHAMPTON,ON,"Address,Postal Code","(44.4943493, -81.36507619999999)"
26,199 PRINCESS ANNE DR,L7G 0E3,L7G,GEORGETOWN,ON,"Address,Postal Code","(43.6420332, -79.9395129)"
27,967 BEDFORD HWY SUITE 207,B4A 1A9,B4A,BEDFORD,NS,"Address,Postal Code","(44.71603289999999, -63.6775592)"
28,751 VICTORIA ST S SUITE B106,N2M 5N4,N2M,KITCHENER,ON,"Address,Postal Code","(43.4386027, -80.5220176)"
29,54 VICTORIA ST UNIT 102,N0B 1S0,N0B,ELORA,ON,"Address,Postal Code","(43.6796245, -80.42981759999999)"
30,273 KING ST E SUITE 2,K7L 3B1,K7L,KINGSTON,ON,"Address,Postal Code","(44.2290168, -76.482063)"
31,1871 DANFORTH AVE,M4C 1J3,M4C,TORONTO,ON,"Address,Postal Code","(43.6844864, -79.31735429999999)"
32,14 COLLEGE ST SUITE 501,M5G 1K2,M5G,TORONTO,ON,"Address,Postal Code","(43.66145150000001, -79.38399489999999)"
33,231 OAK PARK BLVD SUITE 110,L6H 7S8,L6H,OAKVILLE,ON,"Address,Postal Code","(43.4825972, -79.7162645)"
34,75 BRUYERE ST,K1N 5C7,K1N,OTTAWA,ON,"Address,Postal Code","(45.432212, -75.6960263)"
35,355 WELLINGTON ST SUITE 233,N6A 3N7,N6A,LONDON,ON,"Address,Postal Code","(42.98399029999999, -81.24566639999999)"
36,355 WELLINGTON ST SUITE 110,N6A 3N7,N6A,LONDON,ON,"Address,Postal Code","(42.9839241, -81.2460321)"
37,535 MONTREAL RD,K1K 0V1,K1K,OTTAWA,ON,"Address,Postal Code","(45.4416774, -75.6461208)"
38,417 LASALLE BLVD,P3A 1W8,P3A,SUDBURY,ON,"Address,Postal Code","(46.5218923, -80.9763876)"
39,745 B MONTREAL RD SUITE 102,K1K 0T1,K1K,OTTAWA,ON,"Address,Postal Code","(45.4447513, -75.637228)"
40,713 MONTREAL RD PAVILLION B,K1K 0T2,K1K,OTTAWA,ON,"Address,Postal Code","(45.4459685, -75.6393641)"
41,2741 RUE CHAMBERLAND,K4K 0B4,K4K,ROCKLAND,ON,"Address,Postal Code","(45.5444993, -75.3012445)"
42,777 BAY ST SUITE 210,M5G 2C8,M5G,TORONTO,ON,"Address,Postal Code","(43.66071489999999, -79.3855224)"
43,130 ADELAIDE ST W SUITE 108,M5H 3P5,M5H,TORONTO,ON,"Address,Postal Code","(43.6496302, -79.3837586)"
44,11 KING ST W SUITE C-120,M5H 4C7,M5H,TORONTO,ON,"Address,Postal Code","(43.64874229999999, -79.37849720000001)"
45,180 QUEEN ST W FLOOR 10,M5V 3L7,M5V,TORONTO,ON,"Address,Postal Code","(43.6507479, -79.3878758)"
46,5001 ANDERSON WAY,V1T 9V1,V1T,VERNON,BC,"Address,Postal Code","(50.2847345, -119.2714414)"
47,240 DUNCAN MILL RD SUITE 704,M3B 3S6,M3B,NORTH YORK,ON,"Address,Postal Code","(43.7621827, -79.351396)"
48,205 CUMMER AVE,M2M 2E8,M2M,NORTH YORK,ON,"Address,Postal Code","(43.788879, -79.408569)"
49,2401 YONGE ST SUITE 204,M4P 3H1,M4P,TORONTO,ON,"Address,Postal Code","(43.7100974, -79.39884359999999)"
50,1246 LEMARCHANT ST,B3H 3P7,B3H,HALIFAX,NS,"Address,Postal Code","(44.6359989, -63.5898875)"
51,1711 COOK ST UNIT 301,V8T 3P2,V8T,VICTORIA,BC,"Address,Postal Code","(48.4288383, -123.3527434)"
52,27 RONCESVALLES AVE SUITE 308,M6R 3B2,M6R,TORONTO,ON,"Address,Postal Code","(43.6397903, -79.4461627)"
53,CP 10 BDP,J0L 1B0,J0L,KAHNAWAKE,QC,"Address,Postal Code","(45.3843419, -73.6619489)"
54,5589 CH DE LA COTE-DES-NEIGES BUREAU 1,H3T 1Y8,H3T,MONTREAL,QC,"Address,Postal Code","(45.4976894, -73.6248361)"
55,681 ALGONQUIN BLVD E SUITE 1,P4N 8S6,P4N,TIMMINS,ON,"Address,Postal Code","(48.475925, -81.3157104)"
56,3050 ARGENTIA RD,L5N 8E1,L5N,MISSISSAUGA,ON,"Address,Postal Code","(43.5953804, -79.7856304)"
57,1685 MAIN ST W SUITE 300,L8S 1G5,L8S,HAMILTON,ON,"Address,Postal Code","(43.256644, -79.9342231)"
58,536 UPPER PARADISE RD,L9C 5E3,L9C,HAMILTON,ON,"Address,Postal Code","(43.2310155, -79.9135857)"
59,430 THE BOARDWALK  SUITE 204,N2T 0C1,N2T,WATERLOO,ON,"Address,Postal Code","(43.440252, -80.564936)"
60,750 DUNDAS ST W SUITE 11,M6J 3S3,M6J,TORONTO,ON,"Address,Postal Code","(43.6524067, -79.4064392)"
61,70 MCLEOD AVE SUITE 240,T7X 3C7,T7X,SPRUCE GROVE,AB,"Address,Postal Code","(53.5422558, -113.9159044)"
62,300 PLEASANT ST,B2Y 3S3,B2Y,DARTMOUTH,NS,"Address,Postal Code","(44.6521701, -63.5489191)"
63,1151 RICHMOND ST ROOM 25,N6A 3K7,N6A,LONDON,ON,"Address,Postal Code","(43.0080245, -81.2634123)"
64,237 BARTON ST E ROOM 531,L8L 2X2,L8L,HAMILTON,ON,"Address,Postal Code","(43.2624696, -79.85408670000001)"
65,10 GATEWAY BLVD,M3C 3A1,M3C,NORTH YORK,ON,"Address,Postal Code","(43.7098214, -79.3326132)"
66,2233 KIPLING AVE,M9W 4L3,M9W,ETOBICOKE,ON,"Address,Postal Code","(43.7257365, -79.5733921)"
67,75 DYRGAS GATE UNIT 101,T1W 0A6,T1W,CANMORE,AB,"Address,Postal Code","(51.05547019999999, -115.3218533)"
68,1960 APPLEBY LINE SUITE 24,L7L 0B7,L7L,BURLINGTON,ON,"Address,Postal Code","(43.3928736, -79.78983439999999)"
69,998 PARKLAND DR SUITE 204,B3M 0A6,B3M,HALIFAX,NS,"Address,Postal Code","(44.6835037, -63.6761162)"
70,66 ALBERT ST,N0H 2L0,N0H,SOUTHAMPTON,ON,"Address,Postal Code","(44.4936423, -81.3730341)"
71,100 COUNTRY VILLAGE RD NE SUITE 105,T3K 5Z2,T3K,CALGARY,AB,"Address,Postal Code","(51.16075499999999, -114.0662761)"
72,1230 TALBOT ST,N5P 1G9,N5P,ST THOMAS,ON,"Address,Postal Code","(42.7778342, -81.15123299999999)"
73,2333 DUNDAS ST W SUITE 201,M6R 1X6,M6R,TORONTO,ON,"Address,Postal Code","(43.6559633, -79.45255139999999)"
74,15900 BAYVIEW AVE,L4G 7Y3,L4G,AURORA,ON,"Address,Postal Code","(44.0222968, -79.4494682)"
75,2530 SIXTH LINE UNIT 1,L6H 6W5,L6H,OAKVILLE,ON,"Address,Postal Code","(43.4764685, -79.72675459999999)"
76,60 CHESLEY AVE,N5Z 2C1,N5Z,LONDON,ON,"Address,Postal Code","(42.9809331, -81.2164581)"
77,2927 66 ST NW,T6K 4C1,T6K,EDMONTON,AB,"Address,Postal Code","(53.4611106, -113.4325843)"
78,335 PACKHAM AVE SUITE 104,S7N 4S1,S7N,SASKATOON,SK,"Address,Postal Code","(52.1297988, -106.5867748)"
79,281 STONE RD E,N1G 5J5,N1G,GUELPH,ON,"Address,Postal Code","(43.533038, -80.21518189999999)"
80,140 CENTENNIAL PKY N SUITE 2A,L8E 1H9,L8E,HAMILTON,ON,"Address,Postal Code","(43.233076, -79.7609284)"
81,971 CARRICK ST,P7B 6L9,P7B,THUNDER BAY,ON,"Address,Postal Code","(48.4096947, -89.2499991)"
82,511 HURON ST,N5A 5T8,N5A,STRATFORD,ON,"Address,Postal Code","(43.3790562, -81.002042)"
83,6535 BOWNESS RD NW,T3B 0E8,T3B,CALGARY,AB,"Address,Postal Code","(51.0871067, -114.1836554)"
84,7071 BAYERS RD SUITE 208,B3L 2C2,B3L,HALIFAX,NS,"Address,Postal Code","(44.6558793, -63.6258569)"
85,119 MEMORIAL AVE SUITE 204,L3V 5X1,L3V,ORILLIA,ON,"Address,Postal Code","(44.6008636, -79.4273661)"
86,180 JAMES ST S SUITE 302,L8P 4V1,L8P,HAMILTON,ON,"Address,Postal Code","(43.2512422, -79.8717143)"
87,160 DUNDURN ST S,L8P 4K3,L8P,HAMILTON,ON,"Address,Postal Code","(43.2579465, -79.8901583)"
88,377 CHURCH ST SUITE 101,L6B 1A1,L6B,MARKHAM,ON,"Address,Postal Code","(43.88440809999999, -79.2324543)"
89,2075 BAYVIEW AVE ROOM KG331,M4N 3M5,M4N,TORONTO,ON,"Address,Postal Code","(43.7224914, -79.37561649999999)"
90,13750 96 AVE UNIT N52,V3V 1Z2,V3V,SURREY,BC,"Address,Postal Code","(49.1762238, -122.841842)"
91,2075 BAYVIEW AVE ROOM A103,M4N 3M5,M4N,TORONTO,ON,"Address,Postal Code","(43.7228457, -79.3728749)"
92,1450 HIGHWAY 2  FLOOR 2,L1E 3C3,L1E,COURTICE,ON,"Address,Postal Code","(43.9074265, -78.8076018)"
93,1881 YONGE ST SUITE 503,M4S 3C4,M4S,TORONTO,ON,"Address,Postal Code","(43.6977019, -79.3961245)"
94,4309 HIGHWAY 236,B0N 1P0,B0N,KENNETCOOK,NS,"Address,Postal Code","(45.1793183, -63.7192294)"
95,1261 BEAVERBROOK AVE UNIT 1,N6H 0G6,N6H,LONDON,ON,"Address,Postal Code","(42.9915689, -81.2941621)"
96,210 C GRAN,P6C 0C4,P6C,BATCHEWANA FIRST NATION,ON,"Address,Postal Code","(46.5374119, -84.37728500000001)"
97,240 WHARNCLIFFE RD N SUITE 100,N6H 4P2,N6H,LONDON,ON,"Address,Postal Code","(42.9913217, -81.26506870000001)"
98,2 KENNEDY RD S UNIT 4A,L6W 3E1,L6W,BRAMPTON,ON,"Address,Postal Code","(43.695659, -79.74829299999999)"
99,180 CAMBRIA RD N,N7A 4N8,N7A,GODERICH,ON,"Address,Postal Code","(43.7496263, -81.70373)"
100,290 SOUTH ST,N7A 4G6,N7A,GODERICH,ON,"Address,Postal Code","(43.7331166, -81.7117694)"
101,2200 DIXIE RD,L4Y 1Z4,L4Y,MISSISSAUGA,ON,"Address,Postal Code","(43.6014735, -79.5734039)"
102,1600 90 AVE SW SUITE A301,T2V 5A8,T2V,CALGARY,AB,"Address,Postal Code","(50.9733867, -114.0975211)"
103,12100 MACLEOD TRAIL SE SUITE 234,T2J 7G9,T2J,CALGARY,AB,"Address,Postal Code","(50.9449862, -114.0693505)"
104,2075 BAYVIEW AVE ROOM A112,M4N 3M5,M4N,TORONTO,ON,"Address,Postal Code","(43.7228457, -79.3728749)"
105,1015 CAWTHRA RD,L5G 4K3,L5G,MISSISSAUGA,ON,"Address,Postal Code","(43.5703215, -79.56659979999999)"
106,100 MARIE CURIE PVT SUITE 300,K1N 1A2,K1N,OTTAWA,ON,"Address,Postal Code","(45.4217225, -75.68038349999999)"
107,15 MOUNTAIN AVE S UNIT 310,L8G 2V6,L8G,STONEY CREEK,ON,"Address,Postal Code","(43.2157096, -79.75632879999999)"
108,2401 YONGE ST SUITE 202,M4P 3H1,M4P,TORONTO,ON,"Address,Postal Code","(43.7100974, -79.39884359999999)"
109,348 MUSKOKA RD 3  N SUITE 102,P1H 1H8,P1H,HUNTSVILLE,ON,"Address,Postal Code","(45.3383638, -79.20324959999999)"
110,1108 KLONDIKE RD UNIT A,K2K 0G1,K2K,KANATA,ON,"Address,Postal Code","(45.3542789, -75.9337181)"
111,439 UNIVERSITY AVE SUITE 510,M5G 1Y8,M5G,TORONTO,ON,"Address,Postal Code","(43.6544569, -79.3874955)"
112,137 COLLIER ST,L4M 1H5,L4M,BARRIE,ON,"Address,Postal Code","(44.390254, -79.6816262)"
113,249 MARLEE AVE,M6B 4B8,M6B,NORTH YORK,ON,"Address,Postal Code","(43.70585029999999, -79.4420342)"
114,95 BAYLY ST W SUITE 205,L1S 7K8,L1S,AJAX,ON,"Address,Postal Code","(43.8427678, -79.0239647)"
115,13291 YONGE ST SUITE 100,L4E 4L6,L4E,RICHMOND HILL,ON,"Address,Postal Code","(43.9517144, -79.4557541)"
116,396 ST CLAIR AVE W,M5P 3N3,M5P,TORONTO,ON,"Address,Postal Code","(43.6841477, -79.4153394)"
117,1000 ELLESMERE RD,M1P 5G2,M1P,SCARBOROUGH,ON,"Address,Postal Code","(43.7672988, -79.27794109999999)"
118,82 BUTTONWOOD AVE,M6M 2J5,M6M,YORK,ON,"Address,Postal Code","(43.6896944, -79.5079758)"
119,451 PAXTON ST,L9L 1L9,L9L,PORT PERRY,ON,"Address,Postal Code","(44.104925, -78.95463250000002)"
120,47 LIBERTY ST S,L1C 2N4,L1C,BOWMANVILLE,ON,"Address,Postal Code","(43.9088415, -78.6779968)"
121,99 REGINA ST S,N2J 4V3,N2J,WATERLOO,ON,"Address,Postal Code","(43.462919, -80.52083689999999)"
122,727 JANE ST UNIT 4,M6N 4B3,M6N,YORK,ON,"Address,Postal Code","(43.67063599999999, -79.4930581)"
123,100 THE BOARDWALK,N2N 0B1,N2N,KITCHENER,ON,"Address,Postal Code","(43.4330125, -80.55820489999999)"
124,65 PRESTWICK CLOSE SUITE 100,B3S 0C1,B3S,HALIFAX,NS,"Address,Postal Code","(44.6624084, -63.6729064)"
125,3292 BAYVIEW AVE SUITE 300,M2M 4J5,M2M,NORTH YORK,ON,"Address,Postal Code","(43.7898489, -79.3936722)"
126,1493 CENTRE RD SS 0002,L0R 1H2,L0R,CARLISLE,ON,"Address,Postal Code","(43.3950612, -79.9825311)"
127,1 BRIDGEPOINT DR,M4M 2B5,M4M,TORONTO,ON,"Address,Postal Code","(43.6665335, -79.3544841)"
128,1466 BATHURST ST SUITE 306,M5R 3S3,M5R,TORONTO,ON,"Address,Postal Code","(43.6827366, -79.41833079999999)"
129,51 K HIGHWAY 105,P0V 2M0,P0V,RED LAKE,ON,"Address,Postal Code","(51.0132577, -93.8224341)"
130,465 GRAND AVE W,N7L 1C5,N7L,CHATHAM,ON,"Address,Postal Code","(42.3982719, -82.2113352)"
131,80 MICHAEL COWPLAND DR,K2M 1P6,K2M,KANATA,ON,"Address,Postal Code","(45.287051, -75.8691779)"
132,74 FRONT ST E,N7G 1Y7,N7G,STRATHROY,ON,"Address,Postal Code","(42.9592304, -81.62164039999999)"
133,425 UNIVERSITY AVE E UNIT O,N2K 4C9,N2K,WATERLOO,ON,"Address,Postal Code","(43.48943120000001, -80.4918288)"
134,37 MAPLE ST,R0E 1M0,R0E,PINE FALLS,MB,"Address,Postal Code","(50.5633796, -96.21484989999999)"
135,116 ALBERT ST SUITE 401,K1P 5G3,K1P,OTTAWA,ON,"Address,Postal Code","(45.4213791, -75.6967568)"
136,33 DUNDAS ST,L9H 1A1,L9H,DUNDAS,ON,"Address,Postal Code","(43.2640275, -79.9498073)"
137,30 ROSEMOUNT AVE,K1Y 1P4,K1Y,OTTAWA,ON,"Address,Postal Code","(45.4014056, -75.72625579999999)"
138,235 WELLINGTON ST,K7K 0B5,K7K,KINGSTON,ON,"Address,Postal Code","(44.23290799999999, -76.4819071)"
139,76 STUART ST,K7L 2V7,K7L,KINGSTON,ON,"Address,Postal Code","(44.2237426, -76.4935185)"
140,140 OTTAWA AVE W,P0A 1X0,P0A,SOUTH RIVER,ON,"Address,Postal Code","(45.84007200000001, -79.3841255)"
141,77 WESTMOUNT RD UNIT 110,N1H 5J1,N1H,GUELPH,ON,"Address,Postal Code","(43.549978, -80.268981)"
142,2810 MAJOR MACKENZIE DR UNIT 1,L6A 3L2,L6A,MAPLE,ON,"Address,Postal Code","(43.8511244, -79.5357556)"
143,2300 EGLINTON AVE W SUITE 101,L5M 2V8,L5M,MISSISSAUGA,ON,"Address,Postal Code","(43.5590626, -79.7055427)"
144,2125 FRONT RD,N9J 2C1,N9J,WINDSOR,ON,"Address,Postal Code","(42.2279853, -83.1014726)"
145,1453 PRINCE RD,N9C 3Z4,N9C,WINDSOR,ON,"Address,Postal Code","(42.2854248, -83.06348729999999)"
146,1030 OUELLETTE AVE FLOOR 7,N9A 1E1,N9A,WINDSOR,ON,"Address,Postal Code","(42.3083546, -83.0322776)"
147,39 CAMPUS TRAIL UNITE 2,P1H 0E5,P1H,HUNTSVILLE,ON,"Address,Postal Code","(45.326932, -79.216753)"
148,1010 1 AVE NE SUITE 206A,T2E 7W7,T2E,CALGARY,AB,"Address,Postal Code","(51.05351719999999, -114.0400462)"
149,551 KNIGHT'S HILL RD UNIT 3,N6J 3A1,N6J,LONDON,ON,"Address,Postal Code","(42.9556225, -81.2731116)"
150,4306 RICHMOND RD SW SUITE 111,T3E 4P6,T3E,CALGARY,AB,"Address,Postal Code","(51.0203468, -114.1485599)"
151,115 DOWNEY RD UNIT 2,N1C 1A2,N1C,GUELPH,ON,"Address,Postal Code","(43.4992818, -80.2372504)"
152,345 BLOOR ST E SUITE 1B,M4W 3J6,M4W,TORONTO,ON,"Address,Postal Code","(43.67190009999999, -79.3784143)"
153,2437 PRINCESS ST SUITE 200,K7M 3G1,K7M,KINGSTON,ON,"Address,Postal Code","(44.2575295, -76.55833150000001)"
154,554 JOHN ST N,L8L 4S1,L8L,HAMILTON,ON,"Address,Postal Code","(43.2727539, -79.8584028)"
155,582 GOLDSTREAM AVE,V9B 2W7,V9B,VICTORIA,BC,"Address,Postal Code","(48.44687889999999, -123.4872771)"
156,7550 KING GEORGE HWY,V3W 2T2,V3W,SURREY,BC,"Address,Postal Code","(49.1395887, -122.84292)"
157,330 BRONTE ST S UNIT 120,L9T 7X1,L9T,MILTON,ON,"Address,Postal Code","(43.50108609999999, -79.8791979)"
158,3585 LAWRENCE AVE E SUITE 1A,M1G 1P4,M1G,SCARBOROUGH,ON,"Address,Postal Code","(43.7594364, -79.22409979999999)"
159,287 LACEWOOD DR SUITE 116,B3M 3Y7,B3M,HALIFAX,NS,"Address,Postal Code","(44.6633769, -63.6577891)"
160,1450 NAKINA RD,P7C 4W1,P7C,THUNDER BAY,ON,"Address,Postal Code","(48.4033645, -89.2688903)"
161,955 OLIVER RD ROOM UC-1007,P7B 5E1,P7B,THUNDER BAY,ON,"Address,Postal Code","(48.420957, -89.2621479)"
162,59 ADELAIDE ST E FLOOR 2,M5C 1K6,M5C,TORONTO,ON,"Address,Postal Code","(43.6507854, -79.3753739)"
163,75 UNIVERSITY AVE W,N2L 3C5,N2L,WATERLOO,ON,"Address,Postal Code","(43.4738727, -80.5278702)"
164,385 FREDERICK ST UNIT 20B,N2H 2P2,N2H,KITCHENER,ON,"Address,Postal Code","(43.4570249, -80.4726292)"
165,267 O'CONNOR ST SUITE 500,K2P 1V3,K2P,OTTAWA,ON,"Address,Postal Code","(45.4154121, -75.6933346)"
166,2224 WALKER RD SUITE 121,N8W 5L7,N8W,WINDSOR,ON,"Address,Postal Code","(42.3008057, -82.9928423)"
167,2430 BANK ST UNIT 3,K1V 0T7,K1V,OTTAWA,ON,"Address,Postal Code","(45.3537723, -75.6491647)"
168,4 HENRY ST,A1C 1R5,A1C,ST. JOHN'S,NL,"Address,Postal Code","(47.5648353, -52.7091874)"
169,GORDON ST,N1G 2W1,N1G,GUELPH,ON,"Address,Postal Code","(43.51813370000001, -80.2055111)"
170,43 MAIN ST,A0E 1E0,A0E,BURIN,NL,"Address,Postal Code","(47.107867, -55.19650060000001)"
171,185 INKERMAN ST E,N4W 2N1,N4W,LISTOWEL,ON,"Address,Postal Code","(43.73225619999999, -80.9507948)"
172,644 TOPSAIL RD,A1E 2E2,A1E,ST. JOHN'S,NL,"Address,Postal Code","(47.525322, -52.770718)"
173,2377 111 ST NW SUITE 301,T6J 5E5,T6J,EDMONTON,AB,"Address,Postal Code","(53.45495289999999, -113.5136988)"
174,1745 ALTA VISTA DR,K1A 0K6,K1A,OTTAWA,ON,"Address,Postal Code","(45.4016583, -75.6574543)"
175,131 KING ST SUITE 3,B2A 3S1,B2A,NORTH SYDNEY,NS,"Address,Postal Code","(46.2154369, -60.2633326)"
176,4555 SHORE RD,B1W 1K3,B1W,ESKASONI,NS,"Address,Postal Code","(45.94365579999999, -60.6089786)"
177,1128 HORNBY ST FLOOR 4,V6Z 2L4,V6Z,VANCOUVER,BC,"Address,Postal Code","(49.2789136, -123.1268908)"
178,1221 GREENBANK RD,K2J 5V7,K2J,NEPEAN,ON,"Address,Postal Code","(45.27480070000001, -75.7473606)"
179,34 CIVIC AVE FLOOR 2,L4A 1H2,L4A,STOUFFVILLE,ON,"Address,Postal Code","(43.9705016, -79.24577210000001)"
180,105 MARY ST W,L1N 2R4,L1N,WHITBY,ON,"Address,Postal Code","(43.881269, -78.94391259999999)"
181,1585 MARKHAM RD SUITE 301,M1B 2W1,M1B,SCARBOROUGH,ON,"Address,Postal Code","(43.79224670000001, -79.2376316)"
182,82 SEVENTH AVE,P8T 1K2,P8T,SIOUX LOOKOUT,ON,"Address,Postal Code","(50.1006131, -91.9254426)"
183,800 COMMISSIONERS RD E ROOM E1-102,N6C 6B5,N6C,LONDON,ON,"Address,Postal Code","(42.9604624, -81.2255313)"
184,22262 MILL RD RR 00005,N0L 1W0,N0L,MOUNT BRYDGES,ON,"Address,Postal Code","(42.8981918, -81.4708806)"
185,14 RAMBLEWOOD DR UNIT 101,L9Z 0C4,L9Z,WASAGA BEACH,ON,"Address,Postal Code","(44.46853710000001, -80.07588620000001)"
186,366 LACEWOOD DR SUITE 200,B3S 1M7,B3S,HALIFAX,NS,"Address,Postal Code","(44.6581214, -63.67153649999999)"
187,222 FIRST ST E,V0E 2S0,V0E,REVELSTOKE,BC,"Address,Postal Code","(50.9976057, -118.1930073)"
188,210 MELROSE AVE,K1Y 4K7,K1Y,OTTAWA,ON,"Address,Postal Code","(45.3932356, -75.7194392)"
189,77 GRENVILLE ST FLOOR 3,M5S 1B3,M5S,TORONTO,ON,"Address,Postal Code","(43.66128579999999, -79.3868145)"
190,5959 ANDERSON ST SUITE 1A,L1M 2E9,L1M,WHITBY,ON,"Address,Postal Code","(43.9563191, -78.9465902)"
191,8000 BATHURST ST UNIT 2A,L4J 0B8,L4J,THORNHILL,ON,"Address,Postal Code","(43.8158977, -79.45206879999999)"
192,540 LAKESHORE RD W,L6K 3P1,L6K,OAKVILLE,ON,"Address,Postal Code","(43.4261487, -79.6852904)"
193,960 NOTRE DAME AVE UNIT C,P3A 2T4,P3A,SUDBURY,ON,"Address,Postal Code","(46.5175554, -80.9820022)"
194,2 SERPENTINE ST,P0M 1N0,P0M,COPPER CLIFF,ON,"Address,Postal Code","(46.4779002, -81.06860209999999)"
195,SINCLAIR RD,V8W 2Y2,V8W,VICTORIA,BC,"Address,Postal Code","(48.4629124, -123.3010009)"
196,221 NELSON ST,K1N 1C7,K1N,OTTAWA,ON,"Address,Postal Code","(45.4293804, -75.6836)"
197,1615 BOUL JACQUES-CARTIER E,J4M 2X1,J4M,LONGUEUIL,QC,"Address,Postal Code","(45.5408222, -73.4565803)"
198,233 RUE TURGEON BUREAU 101,J7E 3J8,J7E,SAINTE-THERESE,QC,"Address,Postal Code","(45.6316378, -73.82963509999999)"
199,3066 SHELBOURNE ST SUITE 347,V8R 6T9,V8R,VICTORIA,BC,"Address,Postal Code","(48.4447209, -123.3339349)"
200,4920 TAIT AVE,V0J 1A0,V0J,AIYANSH,BC,"Address,Postal Code","(55.1997668, -129.0776418)"
201,629 MARKHAM RD UNIT 2,M1H 2A4,M1H,SCARBOROUGH,ON,"Address,Postal Code","(43.7609483, -79.2240557)"
202,4256 BATHURST ST SUITE 306,M3H 5Y8,M3H,NORTH YORK,ON,"Address,Postal Code","(43.7511577, -79.43781229999999)"
203,2 BLOOMFIELD TRAIL UNIT 6-7,L4E 2H8,L4E,RICHMOND HILL,ON,"Address,Postal Code","(43.95981769999999, -79.4714834)"
204,460 SPRINGBANK DR SUITE 314,N6J 0A8,N6J,LONDON,ON,"Address,Postal Code","(42.9667188, -81.2855687)"
205,5357 FERNBANK RD FLOOR 5 RR 0001,K2S 1B6,K2S,STITTSVILLE,ON,"Address,Postal Code","(45.27523009999999, -75.8717233)"
206,170 REBECCA ST UNIT A,L6K 1J6,L6K,OAKVILLE,ON,"Address,Postal Code","(43.43871850000001, -79.6780563)"
207,110 COPPER CREEK DR UNIT 100,L6B 0P9,L6B,MARKHAM,ON,"Address,Postal Code","(43.8690086, -79.22917389999999)"
208,2201 BROADWAY  W,V6K 2E4,V6K,VANCOUVER,BC,"Address,Postal Code","(49.2640841, -123.1556723)"
209,36 MCDONALD ST SUITE 1,P1L 2C2,P1L,BRACEBRIDGE,ON,"Address,Postal Code","(45.0465328, -79.3178511)"
210,35 ALGOMA ST N,P7A 4Z3,P7A,THUNDER BAY,ON,"Address,Postal Code","(48.4381, -89.222415)"
211,619 A BLOOR ST W,M6G 1K8,M6G,TORONTO,ON,"Address,Postal Code","(43.664419, -79.4140091)"
212,3333 BRIMLEY RD,M1V 2J7,M1V,SCARBOROUGH,ON,"Address,Postal Code","(43.82112069999999, -79.28363159999999)"
213,1213 4 ST SW,T2R 0X7,T2R,CALGARY,AB,"Address,Postal Code","(51.0412253, -114.0721607)"
214,9651 YONGE ST,L4C 1V7,L4C,RICHMOND HILL,ON,"Address,Postal Code","(43.8633674, -79.43443429999999)"
215,212 ALPINE WAY,V0B 1H0,V0B,ELKFORD,BC,"Address,Postal Code","(50.0210158, -114.9176017)"
216,HIGHWAY 71,A0A 3X0,A0A,SPANIARDS BAY,NL,"Address,Postal Code","(47.6283963, -53.3005611)"
217,2305 C 8TH AVE,S0K 2A0,S0K,HUMBOLDT,SK,"Address,Postal Code","(52.20144269999999, -105.1495971)"
218,15121 121 ST NW,T5X 3C8,T5X,EDMONTON,AB,"Address,Postal Code","(53.6133629, -113.5297935)"
219,470 BRONTE ST S SUITE 206,L9T 2J4,L9T,MILTON,ON,"Address,Postal Code","(43.498798, -79.8763432)"
220,5970 16TH AVE UNIT 130,L3P 7R1,L3P,MARKHAM,ON,"Address,Postal Code","(43.8914627, -79.2664777)"
221,1280 MAIN ST W ROOM B101,L8S 4K1,L8S,HAMILTON,ON,"Address,Postal Code","(43.2622445, -79.9202861)"
222,23 HURON ST W SS 0002,N0M 1S2,N0M,EXETER,ON,"Address,Postal Code","(43.3432101, -81.4806108)"
223,2895 CHOWAT RD,V0M 1A0,V0M,AGASSIZ,BC,"Address,Postal Code","(49.2551496, -121.7302808)"
224,3292 BAYVIEW AVE SUITE 105,M2M 4J5,M2M,NORTH YORK,ON,"Address,Postal Code","(43.7898247, -79.393532)"
225,875 CARLING AVE FLOOR 9,K1S 5P1,K1S,OTTAWA,ON,"Address,Postal Code","(45.3965386, -75.7113423)"
226,85 THE EAST MALL  SUITE 400,M8Z 5W4,M8Z,ETOBICOKE,ON,"Address,Postal Code","(43.6198903, -79.5486653)"
227,2155 ALLISON RD SUITE 228,V6T 1T5,V6T,VANCOUVER,BC,"Address,Postal Code","(49.266237, -123.2423792)"
228,3300 SMITH DR SUITE 23C RR 0001,V0E 1B1,V0E,ARMSTRONG,BC,"Address,Postal Code","(50.4392764, -119.1901712)"
229,7217 GELERT RD,K0M 1S0,K0M,HALIBURTON,ON,"Address,Postal Code","(45.0389556, -78.5276757)"
230,201 DEACON ST FLOOR 2,K8A 2J6,K8A,PEMBROKE,ON,"Address,Postal Code","(45.8137451, -77.1053917)"
231,1101 KINGSTON RD SUITE 220,L1V 1B5,L1V,PICKERING,ON,"Address,Postal Code","(43.8282629, -79.0961458)"
232,503 SMYTH RD,K1H 1C4,K1H,OTTAWA,ON,"Address,Postal Code","(45.3992345, -75.6496669)"
233,29 NOXON ST,N5C 1B8,N5C,INGERSOLL,ON,"Address,Postal Code","(43.0320683, -80.87545879999999)"
234,29 NOXON ST FLOOR 2,N5C 1B8,N5C,INGERSOLL,ON,"Address,Postal Code","(43.0320683, -80.87545879999999)"
235,7019 ALBERNI ST,V8A 2C2,V8A,POWELL RIVER,BC,"Address,Postal Code","(49.846536, -124.519574)"
236,433 MARLBOROUGH WAY NE UNIT 530,T2A 5H5,T2A,CALGARY,AB,"Address,Postal Code","(51.0560012, -113.9789411)"
237,430 BROADVIEW AVE,M4K 2N1,M4K,TORONTO,ON,"Address,Postal Code","(43.6669837, -79.35364009999999)"
238,275 PICTOU RD,B2N 2S7,B2N,TRURO,NS,"Address,Postal Code","(45.38133, -63.241848)"
239,510 PRINCE ST,B2N 1G1,B2N,TRURO,NS,"Address,Postal Code","(45.365403, -63.285959)"
240,99 PROTON ST,N0C 1B0,N0C,DUNDALK,ON,"Address,Postal Code","(44.1692216, -80.3943517)"
241,88 HARWOOD AVE S,L1S 2H6,L1S,AJAX,ON,"Address,Postal Code","(43.8503145, -79.0218166)"
242,63 ALGOMA ST N SUITE 410,P7A 4Z6,P7A,THUNDER BAY,ON,"Address,Postal Code","(48.43874779999999, -89.2216917)"
243,3635 RIVERGATE WAY SUITE 5,K1V 2A4,K1V,OTTAWA,ON,"Address,Postal Code","(45.3449603, -75.6921505)"
244,229 1 ST SW,T4B 3L8,T4B,AIRDRIE,AB,"Address,Postal Code","(51.2902919, -114.0153942)"
245,24 FIRST ST,L9W 2C7,L9W,ORANGEVILLE,ON,"Address,Postal Code","(43.92102329999999, -80.09822969999999)"
246,268 MAIDEN LANE,N4X 1B7,N4X,ST MARYS,ON,"Address,Postal Code","(43.2591657, -81.1519773)"
247,3066 SHELBOURNE ST UNIT 133,V8R 6T9,V8R,VICTORIA,BC,"Address,Postal Code","(48.4447209, -123.3339349)"
248,1240 EGLINTON AVE W UNIT B-14,L5V 1N3,L5V,MISSISSAUGA,ON,"Address,Postal Code","(43.5795537, -79.68160019999999)"
249,118 7TH AVE,N4N 2G9,N4N,HANOVER,ON,"Address,Postal Code","(44.141771, -81.029228)"
250,3150 54TH AVE E SUITE 350,V5S 1Z1,V5S,VANCOUVER,BC,"Address,Postal Code","(49.2200344, -123.0397006)"
251,820 SHERBROOK ST ROOM GF-201,R3A 1R9,R3A,WINNIPEG,MB,"Address,Postal Code","(49.9030619, -97.1573253)"
252,1620 ALBION RD UNIT 106,M9V 4B4,M9V,ETOBICOKE,ON,"Address,Postal Code","(43.74205600000001, -79.5910293)"
253,800 COMMISSIONERS RD E ROOM E1102,N6C 6B5,N6C,LONDON,ON,"Address,Postal Code","(42.9604624, -81.2255313)"
254,3601 HIGHWAY 7  UNIT 605,L3R 0M3,L3R,MARKHAM,ON,"Address,Postal Code","(43.853865, -79.338348)"
255,240 BAKER DR SUITE 203,B2W 6L4,B2W,DARTMOUTH,NS,"Address,Postal Code","(44.6567255, -63.5296749)"
256,25 MILL ST,K7G 2L5,K7G,GANANOQUE,ON,"Address,Postal Code","(44.3268835, -76.1631089)"
257,190 SHERWAY DR SUITE 211,M9C 5N2,M9C,ETOBICOKE,ON,"Address,Postal Code","(43.60871789999999, -79.56033649999999)"
258,22242 48 AVE SUITE 201,V3A 3N5,V3A,LANGLEY,BC,"Address,Postal Code","(49.0891433, -122.6076085)"
259,495 TRUMPETER DR,V1W 5J4,V1W,GOLD RIVER,BC,"Address,Postal Code","(49.79319719999999, -119.5024111)"
260,2111 AV NORTHCLIFFE,H4A 3K6,H4A,MONTREAL,QC,"Address,Postal Code","(45.4743794, -73.6068028)"
261,1 WEST ASPEN ST,J0Y 3C0,J0Y,WASWANIPI,QC,"Address,Postal Code","(49.6928174, -75.96316949999999)"
262,221 BRANT AVE,N3T 3J2,N3T,BRANTFORD,ON,"Address,Postal Code","(43.1470282, -80.2759489)"
263,1209 MAIN ST,V0J 2N0,V0J,SMITHERS,BC,"Address,Postal Code","(54.780383, -127.170578)"
264,1 FIRST CANADIAN PL,M5X 1C8,M5X,TORONTO,ON,"Address,Postal Code","(43.6486111, -79.3816667)"
265,6339 200 ST SUITE 201,V2Y 1A2,V2Y,LANGLEY,BC,"Address,Postal Code","(49.1181157, -122.6699885)"
266,45744 GAETZ ST SUITE 104,V2R 3P1,V2R,CHILLIWACK,BC,"Address,Postal Code","(49.1359618, -121.957888)"
267,95 MERIDIAN AVE,P0J 1K0,P0J,HAILEYBURY,ON,"Address,Postal Code","(47.438401, -79.631748)"
268,821 ST GEORGE ST,B0S 1A0,B0S,ANNAPOLIS ROYAL,NS,"Address,Postal Code","(44.73662710000001, -65.5018262)"
269,6548 HASTINGS ST,V5B 1S2,V5B,BURNABY,BC,"Address,Postal Code","(49.2794805, -122.9682347)"
270,3994 SHELBOURNE ST SUITE 200,V8N 3E2,V8N,VICTORIA,BC,"Address,Postal Code","(48.4719878, -123.3340985)"
271,101 1ST ST W SUITE 201,V0E 2S0,V0E,REVELSTOKE,BC,"Address,Postal Code","(50.9987981, -118.1956937)"
272,330 FESTUBERT ST SUITE 101,V9L 3S9,V9L,DUNCAN,BC,"Address,Postal Code","(48.7776692, -123.7018081)"
273,299 MONTREAL RD,K1L 6B8,K1L,VANIER,ON,"Address,Postal Code","(45.4373487, -75.6589864)"
274,462 PAXTON ST SUITE 203,L9L 1L9,L9L,PORT PERRY,ON,"Address,Postal Code","(44.1041545, -78.95388129999999)"
275,220 DUNCAN MILL RD SUITE 201,M3B 3J5,M3B,NORTH YORK,ON,"Address,Postal Code","(43.762167, -79.3528041)"
276,2068 PRINCE OF WALES DR,S4V 3A6,S4V,REGINA,SK,"Address,Postal Code","(50.4467933, -104.5373209)"
277,1 EVA RD SUITE 406,M9C 4Z5,M9C,ETOBICOKE,ON,"Address,Postal Code","(43.6390931, -79.56218779999999)"
278,151 YONGE ST FLOOR 11,M5C 2W7,M5C,TORONTO,ON,"Address,Postal Code","(43.6515599, -79.37849720000001)"
279,410 SHERBOURNE ST FLOOR GROUND,M4X 1K2,M4X,TORONTO,ON,"Address,Postal Code","(43.6646817, -79.3741422)"
280,3080 YONGE ST SUITE 5080,M4N 3N1,M4N,TORONTO,ON,"Address,Postal Code","(43.7254862, -79.40273409999999)"
281,100 ELIZABETH AVE SUITE 116,A1B 1S1,A1B,ST. JOHN'S,NL,"Address,Postal Code","(47.5811942, -52.71571729999999)"
282,156 GUELPH ST UNIT 4,L7G 4A6,L7G,GEORGETOWN,ON,"Address,Postal Code","(43.6504394, -79.9096936)"
283,20 ROBERTSON DR,K0J 1C0,K0J,BEACHBURG,ON,"Address,Postal Code","(45.7264656, -76.8451005)"
284,70 EXHIBITION ST SUITE 130,B4N 4K9,B4N,KENTVILLE,NS,"Address,Postal Code","(45.08379739999999, -64.4966178)"
285,2867 ELLESMERE RD,M1E 4B9,M1E,SCARBOROUGH,ON,"Address,Postal Code","(43.7800012, -79.2049361)"
286,36 B PRINCE ARTHUR AVE,M5R 1A9,M5R,TORONTO,ON,"Address,Postal Code","(43.6696012, -79.39747779999999)"
287,399 BATHURST ST,M5T 2S8,M5T,TORONTO,ON,"Address,Postal Code","(43.6534088, -79.405247)"
288,200 ELIZABETH ST UNIT RFEGS,M5G 2C4,M5G,TORONTO,ON,"Address,Postal Code","(43.6590384, -79.38835859999999)"
289,10 TRENCH ST,L4C 4Z3,L4C,RICHMOND HILL,ON,"Address,Postal Code","(43.8704455, -79.4508084)"
290,2075 BAYVIEW AVE,M4N 3M5,M4N,TORONTO,ON,"Address,Postal Code","(43.7228457, -79.3728749)"
291,1940 HARVEY AVE SUITE 150,V1Y 8J8,V1Y,KELOWNA,BC,"Address,Postal Code","(49.8829051, -119.4541655)"
292,750 BROADWAY  W SUITE 402,V5Z 1J2,V5Z,VANCOUVER,BC,"Address,Postal Code","(49.26301110000001, -123.1211867)"
293,88 WAGLISLA ST,V0T 1Z0,V0T,BELLA BELLA,BC,"Address,Postal Code","(52.1612727, -128.143339)"
294,2903 32 AVE SUITE 100,V1T 2L6,V1T,VERNON,BC,"Address,Postal Code","(50.26554609999999, -119.2699978)"
295,2667 BROADWAY  W,V6K 2G2,V6K,VANCOUVER,BC,"Address,Postal Code","(49.2643269, -123.1655414)"
296,601 6 AVE S,T1J 0Z2,T1J,LETHBRIDGE,AB,"Address,Postal Code","(49.6913079, -112.8378145)"
297,581 HUDSON ST NW,V1E 4N8,V1E,SALMON ARM,BC,"Address,Postal Code","(50.7034368, -119.2785037)"
298,899 12TH AVE W ROOM 233B,V5Z 1M9,V5Z,VANCOUVER,BC,"Address,Postal Code","(49.2610991, -123.1246645)"
299,713 JOHNSON ST,V8W 1M8,V8W,VICTORIA,BC,"Address,Postal Code","(48.4268867, -123.3639519)"
300,37989 CLEVELAND AVE SUITE 201,V8B 0C1,V8B,SQUAMISH,BC,"Address,Postal Code","(49.69820319999999, -123.1539412)"
301,2155 10TH AVE SUITE 405,V2M 5J6,V2M,PRINCE GEORGE,BC,"Address,Postal Code","(53.9148995, -122.7657784)"
302,50 ST CLAIR AVE E FLOOR 2,M4T 1M9,M4T,TORONTO,ON,"Address,Postal Code","(43.68881289999999, -79.39184689999999)"
303,21 ESSA RD,L4N 3K4,L4N,BARRIE,ON,"Address,Postal Code","(44.3739991, -79.6911688)"
304,161 BRIDGE ST W,K8P 1K2,K8P,BELLEVILLE,ON,"Address,Postal Code","(44.1598135, -77.3966767)"
305,1260 GOLF LINKS RD SUITE 201,P7B 0A1,P7B,THUNDER BAY,ON,"Address,Postal Code","(48.4235941, -89.27391569999999)"
306,600 UNIVERSITY AVE ROOM 433,M5G 1X5,M5G,TORONTO,ON,"Address,Postal Code","(43.6575156, -79.3901743)"
307,2480 HEATHER ST,V5Z 3H9,V5Z,VANCOUVER,BC,"Address,Postal Code","(49.2635805, -123.1196326)"
308,3801 28A ST SUITE 1,V1T 9T6,V1T,VERNON,BC,"Address,Postal Code","(50.2696064, -119.2687762)"
309,2067 COLUMBIA AVE,V0G 1Y0,V0G,ROSSLAND,BC,"Address,Postal Code","(49.076809, -117.798948)"
310,11 SELKIRK ST,K1L 6N1,K1L,VANIER,ON,"Address,Postal Code","(45.4321786, -75.6689921)"
311,1650 AV CEDAR CHAMBRE B2.117.2,H3G 1A4,H3G,MONTREAL,QC,"Address,Postal Code","(45.4969778, -73.58906809999999)"
312,555 KINGSTON RD W,L1S 6M1,L1S,AJAX,ON,"Address,Postal Code","(43.8546932, -79.0533385)"
313,1011 GLENMORE TRAIL SW SUITE 410,T2V 4R6,T2V,CALGARY,AB,"Address,Postal Code","(50.9935594, -114.085516)"
314,50 STONE RD E,N1G 2W1,N1G,GUELPH,ON,"Address,Postal Code","(43.5332662, -80.22700069999999)"
315,10425 111 AVE NW SUITE 472,T5G 0B8,T5G,EDMONTON,AB,"Address,Postal Code","(53.558066, -113.50085)"
316,100 ROLLING HILLS DR,L9W 4X9,L9W,ORANGEVILLE,ON,"Address,Postal Code","(43.9207717, -80.0725161)"
317,7030 DERRY RD,L9T 7H6,L9T,MILTON,ON,"Address,Postal Code","(43.4971909, -79.8713059)"
318,1450 KINGSTON RD UNIT 6B,L1V 1C1,L1V,PICKERING,ON,"Address,Postal Code","(43.8417711, -79.08401359999999)"
319,1 KING ST E,P0M 2W0,P0M,ST CHARLES,ON,"Address,Postal Code","(46.3620542, -80.416257)"
320,25 JOSEPH ST,N2G 4X6,N2G,KITCHENER,ON,"Address,Postal Code","(43.4483559, -80.4916843)"
321,10 B VICTORIA ST S,N2G 1C5,N2G,KITCHENER,ON,"Address,Postal Code","(43.4522692, -80.49915589999999)"
322,2100 BOVAIRD DR E,L6R 3J7,L6R,BRAMPTON,ON,"Address,Postal Code","(43.7472961, -79.7430207)"
323,51 MOUNTAINASH RD UNIT 8,L6R 1W4,L6R,BRAMPTON,ON,"Address,Postal Code","(43.7605779, -79.72778439999999)"
324,3530 DERRY RD E SUITE 110,L4T 4E3,L4T,MISSISSAUGA,ON,"Address,Postal Code","(43.7141429, -79.6299018)"
325,4000 HIGHWAY 7  UNIT 2,L4L 8Z2,L4L,WOODBRIDGE,ON,"Address,Postal Code","(43.7879741, -79.5573124)"
326,25 WOODBINE DOWNS BLVD UNIT 10,M9W 6N5,M9W,ETOBICOKE,ON,"Address,Postal Code","(43.7351993, -79.60579829999999)"
327,10505 SOUTHPORT RD SW,T2W 3N2,T2W,CALGARY,AB,"Address,Postal Code","(50.9619819, -114.0745936)"
328,2841 109 ST NW SUITE 105,T6J 6B7,T6J,EDMONTON,AB,"Address,Postal Code","(53.4598336, -113.5094186)"
329,13322 114 AVE NW,T5M 4B7,T5M,EDMONTON,AB,"Address,Postal Code","(53.5648186, -113.5523999)"
330,10155 120 ST NW,T5K 2A2,T5K,EDMONTON,AB,"Address,Postal Code","(53.5427425, -113.528138)"
331,1018 SEYMOUR ST,V6B 3M6,V6B,VANCOUVER,BC,"Address,Postal Code","(49.2783062, -123.1222083)"
332,8120 COOK RD SUITE 120,V6Y 1T9,V6Y,RICHMOND,BC,"Address,Postal Code","(49.1662262, -123.1352266)"
333,3311 FAIRLIGHT DR,S7M 3Y5,S7M,SASKATOON,SK,"Address,Postal Code","(52.1279052, -106.7218374)"
334,100 MAIN ST W FLOOR 3,L8P 1H6,L8P,HAMILTON,ON,"Address,Postal Code","(43.2566902, -79.87364)"
335,8440 112 ST NW ROOM 1G1.50,T6G 2B7,T6G,EDMONTON,AB,"Address,Postal Code","(53.5207104, -113.523782)"
336,1205 BOW VALLEY TRAIL SUITE 201,T1W 1P5,T1W,CANMORE,AB,"Address,Postal Code","(51.0916135, -115.3508799)"
337,220 BEAR ST SUITE 302,T1L 1B1,T1L,BANFF,AB,"Address,Postal Code","(51.17789, -115.5720828)"
338,1125 COLONEL BY DR SUITE 2600,K1S 5B6,K1S,OTTAWA,ON,"Address,Postal Code","(45.3874831, -75.6959835)"
339,1213 4 ST SW FLOOR 8,T2R 0X7,T2R,CALGARY,AB,"Address,Postal Code","(51.0412253, -114.0721607)"
340,140 ROLLING HILLS DR,L9W 4X8,L9W,ORANGEVILLE,ON,"Address,Postal Code","(43.9189046, -80.0726562)"
341,510 GARAFRAXA ST E SUITE 1A,N1M 1E7,N1M,FERGUS,ON,"Address,Postal Code","(43.71439110000001, -80.37254759999999)"
342,155 MAIN ST E SUITE 100,L3M 1P2,L3M,GRIMSBY,ON,"Address,Postal Code","(43.188604, -79.5439232)"
343,263 WELLER AVE,K7K 2V4,K7K,KINGSTON,ON,"Address,Postal Code","(44.2624249, -76.4920566)"
344,757 RYAN RD FLOOR 2,V9N 3R6,V9N,COURTENAY,BC,"Address,Postal Code","(49.6971715, -124.9861175)"
345,211 BEAR ST SUITE 201,T1L 1J8,T1L,BANFF,AB,"Address,Postal Code","(51.1773262, -115.5727546)"
346,1213 4 ST SW FLOOR MAIN,T2R 0X7,T2R,CALGARY,AB,"Address,Postal Code","(51.0412252, -114.0721555)"
347,1016 68 AVE SW UNIT 200,T2V 4J2,T2V,CALGARY,AB,"Address,Postal Code","(50.9928292, -114.0851968)"
348,5966 MULLEN WAY NW,T6R 0S9,T6R,EDMONTON,AB,"Address,Postal Code","(53.4351211, -113.5706824)"
349,375 ST ALBERT RD SUITE 196,T8N 3K8,T8N,ST ALBERT,AB,"Address,Postal Code","(53.6427211, -113.622506)"
350,100 WARRIOR BLOCK,B0J 3A0,B0J,SHEARWATER,NS,"Address,Postal Code","(44.6310551, -63.512882)"
351,677 DUNDAS ST E,M5A 0R5,M5A,TORONTO,ON,"Address,Postal Code","(43.6609158, -79.3588036)"
352,2200 FAIRVIEW ST SUITE 208,L7R 4H9,L7R,BURLINGTON,ON,"Address,Postal Code","(43.3410354, -79.80504590000001)"
353,16880 YONGE ST UNIT 1,L3Y 0A3,L3Y,NEWMARKET,ON,"Address,Postal Code","(44.039402, -79.4780928)"
354,27 RUTH AVE UNIT 10,L6Z 4R2,L6Z,BRAMPTON,ON,"Address,Postal Code","(43.72270950000001, -79.78737070000001)"
355,6200 MCKAY AVE SUITE 150,V5H 4L7,V5H,BURNABY,BC,"Address,Postal Code","(49.226897, -123.003706)"
356,527 CAUSLEY ST,P0R 1B0,P0R,BLIND RIVER,ON,"Address,Postal Code","(46.186132, -82.9193112)"
357,2109 OTTAWA ST,N8Y 1R8,N8Y,WINDSOR,ON,"Address,Postal Code","(42.31270139999999, -83.003068)"
358,1966 GUTHRIE RD SUITE 107C,V9M 3X7,V9M,COMOX,BC,"Address,Postal Code","(49.6884921, -124.9334792)"
359,255 ST ANDREWS ST,N1S 1P1,N1S,CAMBRIDGE,ON,"Address,Postal Code","(43.3456072, -80.3283608)"
360,350 CONESTOGA BLVD UNIT B10,N1R 7L7,N1R,CAMBRIDGE,ON,"Address,Postal Code","(43.3903468, -80.3143557)"
361,277 VICTORIA ST FLOOR 10,M5B 1W2,M5B,TORONTO,ON,"Address,Postal Code","(43.6565357, -79.37937699999999)"
362,10 KEITH AVE UNIT 105,L9Y 0W5,L9Y,COLLINGWOOD,ON,"Address,Postal Code","(44.5092945, -80.2399866)"
363,310 LIMERIDGE RD W,L9C 2V2,L9C,HAMILTON,ON,"Address,Postal Code","(43.224051, -79.89858339999999)"
364,123 THIRD AVE SUITE 250,P4N 1C6,P4N,TIMMINS,ON,"Address,Postal Code","(48.4747326, -81.331848)"
365,10 PARKSIDE DR,N0B 2N0,N0B,ST JACOBS,ON,"Address,Postal Code","(43.54416990000001, -80.5509198)"
366,55 WYNDHAM ST N SUITE 207,N1H 7T8,N1H,GUELPH,ON,"Address,Postal Code","(43.5460436, -80.24790109999999)"
367,1500 FISHER ST SUITE 202,P1B 2H3,P1B,NORTH BAY,ON,"Address,Postal Code","(46.3144198, -79.4404071)"
368,150 YORK ST SUITE 1500,M5H 3S5,M5H,TORONTO,ON,"Address,Postal Code","(43.6494305, -79.3847535)"
369,4001 LESLIE ST ROOM 1NE-126,M2K 1E1,M2K,NORTH YORK,ON,"Address,Postal Code","(43.7695699, -79.36320180000001)"
370,1403 29 ST NW UNIT 47,T2N 2T9,T2N,CALGARY,AB,"Address,Postal Code","(51.0642667, -114.1345941)"
371,2749 DUNDAS RD GD,V0R 2W0,V0R,SHAWNIGAN LAKE,BC,"Address,Postal Code","(48.6533542, -123.6215949)"
372,143 LIBERTON DR SUITE 62,T8N 6A7,T8N,ST ALBERT,AB,"Address,Postal Code","(53.6523866, -113.6305467)"
373,114 1 ST SW,T0L 0H0,T0L,BLACK DIAMOND,AB,"Address,Postal Code","(50.6876664, -114.2341827)"
374,3500 26 AVE NE ROOM 2021,T1Y 6J4,T1Y,CALGARY,AB,"Address,Postal Code","(51.0787547, -113.9839459)"
375,1281 GEORGIA ST W,V6E 3J7,V6E,VANCOUVER,BC,"Address,Postal Code","(49.2881703, -123.1261594)"
376,11807 JASPER AVE NW,T5K 0N8,T5K,EDMONTON,AB,"Address,Postal Code","(53.540765, -113.5253929)"
377,4950 137 AVE NW,T5Y 2V4,T5Y,EDMONTON,AB,"Address,Postal Code","(53.5985008, -113.4111336)"
378,15240 56 AVE UNIT 107,V3S 5K7,V3S,SURREY,BC,"Address,Postal Code","(49.1034331, -122.7988296)"
379,2128 KENSINGTON RD NW,T2N 3R7,T2N,CALGARY,AB,"Address,Postal Code","(51.0527387, -114.1096471)"
380,3630 BRENTWOOD RD NW SUITE 810,T2L 1K8,T2L,CALGARY,AB,"Address,Postal Code","(51.08592119999999, -114.1267168)"
381,1390 MAJOR MACKENZIE DR E UNIT A8,L4S 0A1,L4S,RICHMOND HILL,ON,"Address,Postal Code","(43.8802596, -79.39477169999999)"
382,2685 36 ST NE,T1Y 5S3,T1Y,CALGARY,AB,"Address,Postal Code","(51.07743929999999, -113.9834052)"
383,59 PENDER ST W,V6B 1R3,V6B,VANCOUVER,BC,"Address,Postal Code","(49.28114009999999, -123.1067625)"
384,1 CENTENNIAL SQ,A1N 1G4,A1N,MOUNT PEARL,NL,"Address,Postal Code","(47.5192603, -52.8048554)"
385,131 MILLBOURNE ROAD EAST  NW,T6K 1P6,T6K,EDMONTON,AB,"Address,Postal Code","(53.4679521, -113.4496248)"
386,5127 49 ST,T4T 1B8,T4T,ROCKY MOUNTAIN HOUSE,AB,"Address,Postal Code","(52.3770847, -114.917346)"
387,240 WHARNCLIFFE RD N SUITE 201,N6H 4P2,N6H,LONDON,ON,"Address,Postal Code","(42.9913738, -81.2650038)"
388,1796 SUMMER ST,B3H 3A7,B3H,HALIFAX,NS,"Address,Postal Code","(44.6457881, -63.5863461)"
389,325 HEROLD RD UNIT 1,S7V 1J7,S7V,SASKATOON,SK,"Address,Postal Code","(52.0991604, -106.5670743)"
390,1600 MAIN ST SUITE 108C,E1E 1G5,E1E,MONCTON,NB,"Address,Postal Code","(46.0815514, -64.79360849999999)"
391,860 MOUNTAIN RD SUITE 301,E1C 2N7,E1C,MONCTON,NB,"Address,Postal Code","(46.10049540000001, -64.8113928)"
392,275 IDA ST N,K7S 3A2,K7S,ARNPRIOR,ON,"Address,Postal Code","(45.4392289, -76.3607766)"
393,3050 LAWRENCE AVE E,M1P 2V5,M1P,SCARBOROUGH,ON,"Address,Postal Code","(43.75619289999999, -79.2469386)"
394,3030 BIRCHMOUNT RD,M1W 3W3,M1W,SCARBOROUGH,ON,"Address,Postal Code","(43.80174969999999, -79.30905659999999)"
395,7 WHITBOURNE AVE,A0B 3K0,A0B,WHITBOURNE,NL,"Address,Postal Code","(47.4188329, -53.53060379999999)"
396,9242 HWY 17 RR 0001,P0R 1C0,P0R,BRUCE MINES,ON,"Address,Postal Code","(46.3013371, -83.7871936)"
397,300 MIETTE AVE,T0E 1E0,T0E,JASPER,AB,"Address,Postal Code","(52.8757077, -118.0833168)"
398,421 GREENBROOK DR UNIT 23B,N2M 4K1,N2M,KITCHENER,ON,"Address,Postal Code","(43.4249987, -80.5108502)"
399,1000 MONTEE DES PIONNIERS BUREAU 300,J6V 1S8,J6V,TERREBONNE,QC,"Address,Postal Code","(45.7257843, -73.5069427)"
400,1200 RUE KING E,J1G 1E4,J1G,SHERBROOKE,QC,"Address,Postal Code","(45.4076973, -71.86202410000001)"
401,3667 BOUL HARVEY,G7X 3A9,G7X,JONQUIERE,QC,"Address,Postal Code","(48.4119049, -71.23764609999999)"
402,CP 580 CSP PL CENTRE VILLE,G7X 7W4,G7X,JONQUIERE,QC,"Address,Postal Code","(48.4130928, -71.2462893)"
403,3141 BOUL TASCHEREAU BUREAU 420,J4V 2H2,J4V,GREENFIELD PARK,QC,"Address,Postal Code","(45.4975829, -73.4841469)"
404,1615 BOUL JACQUES-CARTIER E BUREAU 220,J4M 2X1,J4M,LONGUEUIL,QC,"Address,Postal Code","(45.5408222, -73.4565803)"
405,2984 BOUL TASCHEREAU,J4V 2G9,J4V,GREENFIELD PARK,QC,"Address,Postal Code","(45.4985938, -73.4868406)"
406,60 BOUL RENE-LEVESQUE E BUREAU 201 GD,G0C 1K0,G0C,CHANDLER,QC,"Address,Postal Code","(48.3498502, -64.6758524)"
407,75 RUE GRIGNON,J7P 4J2,J7P,SAINT-EUSTACHE,QC,"Address,Postal Code","(45.57276340000001, -73.9090497)"
408,48 RUE DENISON E,J2G 4C6,J2G,GRANBY,QC,"Address,Postal Code","(45.3960973, -72.715394)"
409,1186 RICHARD  ST,P0R 1J0,P0R,RICHARDS LANDING,ON,"Address,Postal Code","(46.2933639, -84.0351424)"
410,3333 RUE DU CARREFOUR BUREAU A222,G1C 5R9,G1C,QUEBEC,QC,"Address,Postal Code","(46.8606254, -71.217647)"
411,1575 BOUL DE L'AVENIR BUREAU 220,H7S 2N5,H7S,LAVAL,QC,"Address,Postal Code","(45.5658056, -73.72527149999999)"
412,600 BOUL DU FORT-SAINT-LOUIS BUREAU 201,J4B 1S7,J4B,BOUCHERVILLE,QC,"Address,Postal Code","(45.611602, -73.45176250000002)"
413,667 CH DU BORD-DU-LAC LAKESHORE,H9S 2B7,H9S,DORVAL,QC,"Address,Postal Code","(45.439962, -73.7362718)"
414,5025 RUE DE SALABERRY,H4J 1J1,H4J,MONTREAL,QC,"Address,Postal Code","(45.532263, -73.7074329)"
415,5700 BOUL ETIENNE-DALLAIRE BUREAU 150,G6V 8R8,G6V,LEVIS,QC,"Address,Postal Code","(46.7913108, -71.1662107)"
416,78 B RUE PRINCIPALE,G0L 2J0,G0L,SAINT-ANTONIN,QC,"Address,Postal Code","(47.78354359999999, -69.464029)"
417,30 RUE PRINICPAL,J0X 1W0,J0X,GRACEFIELD,QC,"Address,Postal Code","(46.0937497, -76.0515157)"
418,5540 RUE JARRY E,H1P 1T9,H1P,SAINT-LEONARD,QC,"Address,Postal Code","(45.5854918, -73.58989389999999)"
419,3500 RUE WELLINGTON,H4G 1T3,H4G,VERDUN,QC,"Address,Postal Code","(45.4684848, -73.5652158)"
420,5811 BOUL TASCHEREAU BUREAU 100,J4Z 1A5,J4Z,BROSSARD,QC,"Address,Postal Code","(45.477736, -73.4650479)"
421,730 ST ANNE'S RD UNIT X,R2N 0A2,R2N,WINNIPEG,MB,"Address,Postal Code","(49.8237009, -97.0852622)"
422,814 BOUL DE L'ANGE-GARDIEN N,J5W 1P6,J5W,L'ASSOMPTION,QC,"Address,Postal Code","(45.8389669, -73.4129541)"
423,CP 3406 SUCC BUREAU-CHEF,J5W 4M9,J5W,L'ASSOMPTION,QC,"Address,Postal Code","(45.82144359999999, -73.4287933)"
424,200 FLETCHER CRES,L9R 1M1,L9R,ALLISTON,ON,"Address,Postal Code","(44.1555259, -79.87510010000001)"
425,140 ROLLING HILLS DR SUITE 100,L9W 4X8,L9W,ORANGEVILLE,ON,"Address,Postal Code","(43.9189046, -80.0726562)"
426,11800 RUE CHAUMONT BUREAU 300,J7J 0T8,J7J,MIRABEL,QC,"Address,Postal Code","(45.6783832, -73.92400049999999)"
427,95 AV DE LA VERDURE,J6K 0E8,J6K,CHATEAUGUAY,QC,"Address,Postal Code","(45.35792439999999, -73.73640189999999)"
428,622 3RD ST SW,R7N 1R5,R7N,DAUPHIN,MB,"Address,Postal Code","(51.1469681, -100.0613568)"
429,822 BOUL SAINTE-ANNE BUREAU 101,G5M 1J5,G5M,RIMOUSKI,QC,"Address,Postal Code","(48.5061194, -68.4669508)"
430,6705 BOUL CHEVRIER BUREAU 203,J4Z 3T9,J4Z,BROSSARD,QC,"Address,Postal Code","(45.4555316, -73.4418627)"
431,355 BOUL DES BOIS-FRANCS S BUREAU 205,G6P 4T2,G6P,VICTORIAVILLE,QC,"Address,Postal Code","(46.0534276, -71.9419473)"
432,220 SHERWAY DR,M9C 0A7,M9C,ETOBICOKE,ON,"Address,Postal Code","(43.6083378, -79.56065129999999)"
433,880 AV PAINCHAUD,G1S 0A3,G1S,QUEBEC,QC,"Address,Postal Code","(46.7881278, -71.26112359999999)"
434,975 BOUL MONSEIGNEUR-DE LAVAL BUREAU 201,G3Z 2W3,G3Z,BAIE-SAINT-PAUL,QC,"Address,Postal Code","(47.448023, -70.51875710000002)"
435,4670 BOUL SAINT-MARTIN O,H7T 2Y2,H7T,LAVAL,QC,"Address,Postal Code","(45.546615, -73.7756396)"
436,1740 CH SAINT-CHARLES,J6W 3R3,J6W,TERREBONNE,QC,"Address,Postal Code","(45.69554429999999, -73.6148941)"
437,50 CH DU GOLF O,J6E 0W6,J6E,SAINT-CHARLES-BORROMEE,QC,"Address,Postal Code","(46.04038310000001, -73.4537207)"
438,1 HOSPITAL WAY,V8Z 6R5,V8Z,VICTORIA,BC,"Address,Postal Code","(48.46751219999999, -123.4328048)"
439,3031 BOUL DE LA GARE,J7V 9R2,J7V,VAUDREUIL-DORION,QC,"Address,Postal Code","(45.3943675, -74.0537911)"
440,692 4E AV O BUREAU 100,J9T 0B7,J9T,AMOS,QC,"Address,Postal Code","(48.57529419999999, -78.1274614)"
441,6520 RUE DE SAINT-VALLIER,H2S 2P7,H2S,MONTREAL,QC,"Address,Postal Code","(45.534644, -73.60524769999999)"
442,4101 RUE MOLSON,H1Y 3L1,H1Y,MONTREAL,QC,"Address,Postal Code","(45.5418591, -73.5645948)"
443,3232 RUE BELANGER BUREAU 201,H1Y 3H5,H1Y,MONTREAL,QC,"Address,Postal Code","(45.556686, -73.594117)"
444,3165 CH SAINT-LOUIS BUREAU 410,G1W 4R4,G1W,QUEBEC,QC,"Address,Postal Code","(46.7562393, -71.29489389999999)"
445,2255 RUE DE L'UNIVERSITE POSTAL LOCATOR 1661,G1V 0A7,G1V,QUEBEC,QC,"Address,Postal Code","(46.7806163, -71.266951)"
446,125 BOUL DE GASPE,G4X 1A4,G4X,GASPE,QC,"Address,Postal Code","(48.83947269999999, -64.4833713)"
447,610 BOUL CURE-LABELLE ETAGE 2IEME,H7V 2T7,H7V,LAVAL,QC,"Address,Postal Code","(45.5366635, -73.74268510000002)"
448,1110 BOUL VANIER,H7C 2R8,H7C,LAVAL,QC,"Address,Postal Code","(45.6109243, -73.65822039999999)"
449,55 CH SAINTE-FOY,G1R 1S9,G1R,QUEBEC,QC,"Address,Postal Code","(46.8061173, -71.2279717)"
450,1145 CONCESSION RD,N3H 4L5,N3H,CAMBRIDGE,ON,"Address,Postal Code","(43.3970068, -80.34419989999999)"
451,179 CLARENCE ST,K1N 5P7,K1N,OTTAWA,ON,"Address,Postal Code","(45.4305149, -75.6900928)"
452,3045 BASELINE RD,K2H 8P4,K2H,NEPEAN,ON,"Address,Postal Code","(45.3348281, -75.8078434)"
453,520 BOUL DE L'HOPITAL BUREAU 2B,J8V 2P5,J8V,GATINEAU,QC,"Address,Postal Code","(45.4939107, -75.6888259)"
454,4480 CH DE LA COTE-DE-LIESSE BUREAU 110,H4N 2R1,H4N,MONT-ROYAL,QC,"Address,Postal Code","(45.5044443, -73.6639234)"
455,1575 BOUL HENRI-BOURASSA O ETAGE 2,H3M 3A9,H3M,MONTREAL,QC,"Address,Postal Code","(45.5375942, -73.67974050000001)"
456,411 AV SIROIS BUREAU 100,G5L 8B2,G5L,RIMOUSKI,QC,"Address,Postal Code","(48.434044, -68.5228009)"
457,288 RUE PIERRE-SAINDON SUITE 130,G5L 9A8,G5L,RIMOUSKI,QC,"Address,Postal Code","(48.445434, -68.5240086)"
458,80 118E RUE,G9P 3E4,G9P,SHAWINIGAN,QC,"Address,Postal Code","(46.5244663, -72.7448972)"
459,5400 BOUL GOUIN O,H4J 1C5,H4J,MONTREAL,QC,"Address,Postal Code","(45.5325192, -73.7141048)"
460,2075 BOUL MELLON BUREAU 303,G7S 5Z8,G7S,JONQUIERE,QC,"Address,Postal Code","(48.4209048, -71.1789422)"
461,56 RUE SAINTE-ANNE,J9V 2B7,J9V,VILLE-MARIE,QC,"Address,Postal Code","(47.3316038, -79.4378778)"
462,170 REBECCA ST UNIT D,L6K 1J6,L6K,OAKVILLE,ON,"Address,Postal Code","(43.43871850000001, -79.6780563)"
463,65 BOUL DE LA CITE-DES-JEUNES BUREAU 300,J7V 8C1,J7V,VAUDREUIL-DORION,QC,"Address,Postal Code","(45.40865669999999, -74.03719509999999)"
464,25 CH DE LA SAVANE,J8T 8A4,J8T,GATINEAU,QC,"Address,Postal Code","(45.4745931, -75.70546379999999)"
465,825 DON MILLS RD,M3C 1V4,M3C,NORTH YORK,ON,"Address,Postal Code","(43.7227042, -79.3375083)"
466,720 SPADINA AVE SUITE 404,M5S 2T9,M5S,TORONTO,ON,"Address,Postal Code","(43.6653855, -79.4034771)"
467,832 MARCH RD UNIT 2,K2W 0C9,K2W,KANATA,ON,"Address,Postal Code","(45.3566005, -75.9335042)"
468,1228 COMMISSIONERS RD W,N6K 1C7,N6K,LONDON,ON,"Address,Postal Code","(42.95811, -81.33018609999999)"
469,597 AV NOTRE-DAME,J4P 2K8,J4P,SAINT-LAMBERT,QC,"Address,Postal Code","(45.501048, -73.50834730000001)"
470,712 MAIN ST E,L9V 2Z4,L9V,SHELBURNE,ON,"Address,Postal Code","(44.0817074, -80.18998599999999)"
471,31 SUNPARK PLAZA SE,T2X 3W5,T2X,CALGARY,AB,"Address,Postal Code","(50.9024935, -114.0587354)"
472,807 BROADVIEW AVE FLOOR 4,M4K 2P8,M4K,TORONTO,ON,"Address,Postal Code","(43.67797820000001, -79.35826)"
473,3155 HARVESTER RD SUITE 101,L7N 3V2,L7N,BURLINGTON,ON,"Address,Postal Code","(43.354156, -79.797392)"
474,1789 K.L.O. RD SUITE 201,V1W 3P3,V1W,KELOWNA,BC,"Address,Postal Code","(49.8606191, -119.4574948)"
475,901 BOUL DES SEIGNEURS BUREAU 301,J6W 1T8,J6W,TERREBONNE,QC,"Address,Postal Code","(45.70238880000001, -73.6403251)"
476,1317 BOUL DES SEIGNEURS,J6W 5B1,J6W,TERREBONNE,QC,"Address,Postal Code","(45.6997025, -73.65856269999999)"
477,942 BOUL ALBINY-PAQUETTE,J9L 1L4,J9L,MONT-LAURIER,QC,"Address,Postal Code","(46.5506955, -75.48697419999999)"
478,57 BOUL INDUSTRIEL BUREAU 2200,J7R 5B9,J7R,SAINT-EUSTACHE,QC,"Address,Postal Code","(45.5705457, -73.92057249999999)"
479,3801 RUE DE MONTCALM BUREAU 101,G7X 1W1,G7X,JONQUIERE,QC,"Address,Postal Code","(48.42351679999999, -71.2413612)"
480,2500 UNIVERSITY DR NW ROOM MSC370,T2N 1N4,T2N,CALGARY,AB,"Address,Postal Code","(51.0781556, -114.1320125)"
481,7007 14 ST SW SUITE 6625,T2V 1P9,T2V,CALGARY,AB,"Address,Postal Code","(50.9898603, -114.0972911)"
482,2500 UNIVERSITY DR NW SUITE MSC370,T2N 1N4,T2N,CALGARY,AB,"Address,Postal Code","(51.0781556, -114.1320125)"
483,3205 PLACE ALTON-GOLDBLOOM,H7V 1R2,H7V,LAVAL,QC,"Address,Postal Code","(45.5486762, -73.7376918)"
484,10425 KENNEDY RD SUITE 101,L6Z 0A4,L6Z,BRAMPTON,ON,"Address,Postal Code","(43.7246668, -79.7876011)"
485,1733 RUE BERRI BUREAU 1100,H2L 4E9,H2L,MONTREAL,QC,"Address,Postal Code","(45.51678580000001, -73.5637751)"
486,209 RUE WOODSTOCK,J4P 1W7,J4P,SAINT-LAMBERT,QC,"Address,Postal Code","(45.5002006, -73.5099551)"
487,665 BOUL SIR-WILFRID-LAURIER,J3G 4J1,J3G,BELOEIL,QC,"Address,Postal Code","(45.5633423, -73.2052519)"
488,CFB KINGSTON,K7K 7B4,K7K,KINGSTON,ON,"Address,Postal Code","(44.2338812, -76.4675051)"
489,2828 BOUL LAURIER BUREAU 700,G1V 0B9,G1V,QUEBEC,QC,"Address,Postal Code","(46.7678083, -71.2888117)"
490,1020 RUE BOUVIER BUREAU 200,G2K 0K9,G2K,QUEBEC,QC,"Address,Postal Code","(46.8308746, -71.283068)"
491,10525 PRINCIPALE RUE SUITE A,E4X 1E7,E4X,SAINT-LOUIS-DE-KENT,NB,"Address,Postal Code","(46.7373528, -64.9717393)"
492,230 ROBSON RD W,V1X 3C8,V1X,KELOWNA,BC,"Address,Postal Code","(49.8873384, -119.3881831)"
493,1280 RUE KING E BUREAU 300,J1G 1E4,J1G,SHERBROOKE,QC,"Address,Postal Code","(45.4086151, -71.8602676)"
494,24 SELKIRK ST SUITE 300,K1L 0A4,K1L,VANIER,ON,"Address,Postal Code","(45.4317126, -75.6676896)"
495,230 CANBOROUGH ST GD,L0R 2A0,L0R,SMITHVILLE,ON,"Address,Postal Code","(43.0956658, -79.54853469999999)"
496,376 175A ST SUITE 2,V3Z 6S7,V3Z,SURREY,BC,"Address,Postal Code","(49.0086574, -122.736329)"
497,303 BOUL PIERRE-BERTRAND BUREAU 212,G1M 3L7,G1M,QUEBEC,QC,"Address,Postal Code","(46.81417440000001, -71.2642169)"
498,150 N 4TH ST E,T0K 2S0,T0K,RAYMOND,AB,"Address,Postal Code","(49.4646958, -112.6507751)"
499,200 UNIVERSITY CAMPUS NW UNIT 2,T6G 2J7,T6G,EDMONTON,AB,"Address,Postal Code","(53.528956, -113.524069)"
500,120 PELHAM ST,B0J 2C0,B0J,LUNENBURG,NS,"Address,Postal Code","(44.376695, -64.3093219)"
